id,id_marque,id_modele,designation,annee,kilometrage,prix
1,1,1,Alfa Romeo 147 1.9 JTD,2006,86500,9990
2,1,1,Alfa Romeo 147 TI 150CV serie SPECIAL sport,2006,67000,13400
3,1,1,ALFA 147 DUCATI 170cv - Sous garantie,2009,25000,25000
4,1,1,Alfa 147,2001,89000,6000
5,1,1,Alfa Romeo 147 2.0 L Selespeed Twin Spark 3 portes,2001,148000,5600
6,1,1,Alfa Romeo 147 1.9JTD 16v 140cv,2004,95000,9900
7,1,2,Alfa Romeo GT 1.9 JTD 150 Cuir GPS Distinctive,2005,85000,12990
8,1,2,ALFA ROMEO GT coupÃ© 150 CV DIESEL,2007,41095,15780
9,1,2,Alfa romeo 166 jtd 2.4 stronic 175 cv selective,2003,140000,9500
10,1,3,ALFA ROMEO 156 1.9 jtd SPORTWAGON 115cv,2001,39000,3300
11,1,3,Alfa romeo 156 1.9 jtd,2001,192000,4500
12,1,3,Alfa romeo 156 sw 1.9 jtd 115 cv an. 2004,2004,99300,9000
13,1,3,Alfa romeo 156 sw 1.9 jtd 115 cv an. 2004,2004,99300,9000
14,1,3,Alfa romeo 156 sw 1.9 jtd 115 cv an. 2004,2004,99300,9000
15,1,3,Alfa romeo 159 1.9 jtdm 150 cv distinctive,2006,53500,13700
16,1,3,Alfa romeo 159 1.9 jtdm 150 cv distinctive,2006,53500,13700
17,1,3,Alfa 156,2004,117000,9800
18,1,3,Alfa 156,2004,117000,9800
19,1,3,Alfa romeo 156 jtd,2003,84000,9000
20,1,3,Alfa 156,2000,164000,4000
21,1,4,ALFA ROMEO 166 2.0 TS 155 CV / Twin Spark,1998,120850,4800
22,1,5,Alfa Romeo GT Q2 2008,2008,37700,20200
23,1,5,Alfa Romeo GT Q2 2008,2008,44000,17900
24,1,5,Superbe Alpha RomÃ©o GT 1.9L JTD 150 CV,2008,15000,18000
25,2,6,Audi a3 sportback 1.9 l tdi 105 cv ambition faceli,2008,26500,21900
26,2,6,Audi A3 Sportback 2.0 TDI 170 ch Quattro S Line,2006,124000,16800
27,2,6,"Audi A3 1.9 TDI 130CV Pack S-Line GPS&virgule;XENONE&virgule;JA19""",2002,119000,9500
28,2,6,Audi a3 sportback 2.0 tdi 140 cv 2005,2005,94500,13500
29,2,6,Audi A3 2L TDI 170CV S-Line,2007,46000,22750
30,2,6,Audi a 3 1.9 tdi,2002,169000,6000
31,2,6,AUDI A3 SPORTBACK 1&virgule,1995,2006,5000
32,2,6,AUDI A3 S-Line 2.0 TDI 140Ch,2006,63000,19000
33,2,6,Audi a3 2.0 tdi,2004,112700,12800
34,2,6,Audi A3 Sportback 2.0 TDI (140cv ) Ambition,2006,87000,14500
35,2,6,AUDI A3 Sportback ambition luxe,2005,112882,14850
36,2,6,Audi A3 Sportback 2.0 TDI (140cv ) Ambition,2006,87000,14500
37,2,6,AUDI A3 Sportback ambition luxe,2005,112882,14850
38,2,6,Audi A3 SPORBACK 1.9 tdi 105 S LINE,2006,88500,21000
39,2,6,Audi A3 2.0tdi 140cv noire mÃ©tal,2004,132000,11900
40,2,6,Audi A3 SPORBACK 1.9 tdi 105 S LINE,2006,88500,21000
41,2,6,Audi A3 SPORBACK 1.9 tdi 105 S LINE,2006,88500,21000
42,2,6,Audi A3 AMBITION 2009,2009,23000,22600
43,2,6,Audi a3 sportback,2008,25000,20000
44,2,6,Audi A3 AMBITION 2009,2009,23000,22600
45,2,6,Audi a3 sportback,2008,25000,20000
46,2,6,Audi A3 sporback,2007,78000,17200
47,2,6,Audi A3 sporback,2007,78000,17200
48,2,6,Audi A3 ambition 1.9 tdi,2007,51000,16350
49,2,6,Audi a3 2.0 tdi 170ch s-line prix negociable,2007,91000,17800
50,2,6,Audi a3 tdi 130 cv,2001,203000,6850
51,2,6,Audi A3 Sportback 1.9 Tdi Noire modele Ambition,2006,62000,14900
52,2,6,Audi A3 Sportback 1.9 Tdi Noire modele Ambition,2006,62000,14900
53,2,6,Audi a3 tdi dpf 11/2006 - ETAT NEUF,2006,77000,15900
54,2,6,Audi a3 tdi 1.9 ambition 130 cv,2003,153000,9400
55,2,6,Audi a3 1.9 tdi 130cv ambiante,2003,128000,9900
56,2,6,A3 1.9l tdi 130 cv ambiente bv6,2002,109000,10000
57,2,6,Audi A3 sportback 1.9 TDI 105 cv ambition,2005,72000,14200
58,2,6,Audi A3 sportback 1.9 TDI 105 cv ambition,2005,72000,14200
59,2,6,AUDI A3 1.9 tdi,1997,216000,6000
60,2,6,AUDI A3 sportback 1.9 l 105 ambiente bv5,2008,46500,19500
61,2,6,Audi A3 sportback 1.9 TDI 105 cv ambition,2005,72000,14200
62,2,6,AUDI A3 1.9 tdi,1997,216000,6000
63,2,6,AUDI A3 sportback 1.9 l 105 ambiente bv5,2008,46500,19500
64,2,6,Audi A3 sportback 2.0 TDI 140cv DSG GPS,2005,85000,16500
65,2,6,Audi a3 sportback ambition 2.0 tdi 140 cv,2008,21000,22900
66,2,6,A3 2.0 dsg s-tronic tdi ambition luxe,2006,56000,21200
67,2,6,A3 2.0 TDI 140cv S-Line &virgule,2005,26000,25000
68,2,6,Audi A3 Cabriolet 2.0 TDI Ambition 140cv Ref:O13,2009,11450,26090
69,2,6,Audi A3 S-Line 2.0 TDI 170&virgule,2009,58200,21990
70,2,6,Audi A3 Ambition Luxe 2.0 TDI 140cv Ref:O10,2008,30500,24190
71,2,6,AUDI A3 - TDI 2.0 AMBITION 140CV. DÃ©cembre 2003,2003,87000,13500
72,2,6,AUDI A3 - TDI 2.0 AMBITION 140CV. DÃ©cembre 2003,2003,87000,13500
73,2,6,Audi A3 Cabriolet 1.9 TDI DPF / Cuir et G.P.S,2009,11300,28500
74,2,6,AUDI A3 1.9 TDI 105 cv excellent Ã©tat,2007,33000,19000
75,2,6,Audi a3 2.0 tdi ambition,2004,120000,11500
76,2,6,Ã€ Saisir Audi A3 TDI 140 Ambition Luxe,2006,78000,15800
77,2,6,AUDI A3 SPORTBACK 2.0 TDI 140 CV - 49 000 kms,2006,49000,17900
78,2,6,Audi A3 Ambition 2.0l tdi 140cv 6 Vitesses,2005,45000,19000
79,2,6,Audi A3 sportback,2007,34000,17500
80,2,6,"Audi a3 ""affaire""",2000,156000,5900
81,2,6,Audi A3 S-LINE 2.0 TDI,2009,23800,27600
82,2,6,Audi a3 2.0 tdi 140 ch pack ambition,2004,145000,10500
83,2,6,Audi a3 tdi 2.0 ambition 140,2007,52000,17300
84,2,6,Audi A3 SPORTBACK 2&virgule,2008,135000,21960
85,2,6,Audi a3 1.9tdi 14.500km 3 portes noir brillant,2008,14500,22000
86,2,6,Audi a3 1.9 tdi ambiente,1999,246000,5400
87,2,6,A3 ambition facelift 2.0tdi 140cv jtes exc 03/2009,2009,9620,23970
88,2,6,Audi a3 2.0l tdi sportback s-line 2008 5800kms,2008,5800,24990
89,2,6,Audi A3 sportback 1.9l tdi,2006,75000,16500
90,2,6,Audi a3 facelift 1.9 tdi ambition dpf 105 ch,2008,33200,19200
91,2,6,Audi A3 TDI 140 CV,2006,140000,12000
92,2,6,Audi a3 sporback,2006,63000,16100
93,2,6,Audi A3 2.0L tdi ambition,2003,193000,9500
94,2,6,Belle AUDI A3 1&virgule,1998,216000,5500
95,2,6,AUDI A3 1.9TDI 130 S-LINE AN 02 NOIR CUIR 8500e,2002,171000,8500
96,2,6,Audi a3 1.9 l tdi 110 cv,1998,230000,4000
97,2,6,Audi A3 Sportback 1.9 TDI s-line Ref:B25,2009,29900,23390
98,2,6,AUDI A3 SPORTBACK 2.0L 170cv S-LINE,2007,60000,20000
99,2,6,Audi A3 S-line 2.0L 140 ch 2008,2008,47000,19990
100,2,6,Audi A3 Sportback 2.0 TDI Ref:43,2008,33500,21200
101,2,6,Audi A3 s line,2008,22500,23500
102,2,6,Audi a3 sport back s line 2009 2.0 l tdi 140 ch,2009,18000,24990
103,2,7,Audi a4 avant 2.0 tdi 140 ch ambiente bv6,2006,68900,17990
104,2,7,AUDI A4 1&virgule,2001,94500,9900
105,2,7,Audi A4 2&virgule,2008,29500,24990
106,2,7,Audi A4 1&virgule,2003,135000,10500
107,2,7,Audi A4 2.5 TDI quattro 150 cv,1999,150000,8900
108,2,7,Audi A4 1.9 TDI accidentÃ©,1996,190000,1000
109,2,7,Audi A4 1.9TDI PACK LUXE 115 CV,2000,168000,9000
110,2,7,Audi a4 new ambition 2.0 tdi fap,2009,24000,26300
111,2,7,Audi a4 1.9 tdi 100 cv toute options etat neuf,2002,168000,7700
112,2,7,Audi a4 1.9 tdi 100 cv toute options etat neuf,2002,168000,7700
113,2,7,Audi a4 avant 1.9 tdi 130cv noir,2004,93000,12500
114,2,7,Audi a4 tdi 2.5 Multitronic,2003,150000,12200
115,2,7,Audi a4 avant 1.9 tdi 130cv noir,2004,93000,12500
116,2,7,Audi a4 tdi 2.5 Multitronic,2003,150000,12200
117,2,7,A4 sport 2.0 tdi 143 cv,2008,57000,25900
118,2,7,Audi a4 1.9 tdi ambiente,2006,82500,14900
119,2,7,A4 sport 2.0 tdi 143 cv,2008,57000,25900
120,2,7,Audi A4 TDi 115cv 2001 8000 \u0080,2001,129900,8000
121,2,7,Audi A4 TDi 115cv 2001 8000 \u0080,2001,129900,8000
122,2,7,Audi A4 break,2000,113000,9500
123,2,7,Audi A4 - 1.9TDI - 130CV,2002,193000,8000
124,2,7,Audi A4 break,2000,113000,9500
125,2,7,Audi A4 - 1.9TDI - 130CV,2002,193000,8000
126,2,7,Audi A4 2.0 TDI 143 CV Ambition luxe BV6,2008,39700,27990
127,2,7,Audi A4 2.0 TDI 143 CV Ambition luxe BV6,2008,39700,27990
128,2,7,A saisir audi a4 tdi 130 pack - faible kilometrage,2004,93000,12400
129,2,7,A saisir audi a4 tdi 130 pack - faible kilometrage,2004,93000,12400
130,2,7,Audi a4 breack tdi 130 pack plus contre touran,2002,147500,11500
131,2,7,Audi a4 bk v6 2.5 tdi 163cv multitronic quatro,2002,126000,7900
132,2,7,Audi a4 bk v6 2.5 tdi 163cv multitronic quatro,2002,126000,7900
133,2,7,Audi a4 avant 2.0 tdi 140 cv noire,2007,55000,20000
134,2,7,Tres belle audi a4 tdi 130,2002,170000,7800
135,2,7,Audi A4 breack quattro,2002,95000,12300
136,2,7,Echange audi a4/s4,1997,230000,4300
137,2,7,Audi A4 s-line serie limitÃ©e,2003,227500,9990
138,2,7,Audi a 4 1.9tdi 130ch,2002,204000,7200
139,2,7,Audi A4 Break&virgule,2004,162000,9900
140,2,7,Audi a 4 2&virgule,2003,142000,12900
141,2,7,A4 ambition luxe multitronic 100mkms ct vierge,2005,100000,16500
142,2,7,A4 2.0l TDI 140cv AMBITION LUXE MULTITRONIC 98000K,2005,100000,16500
143,2,7,Av A4 ambiente 2.5 tdi 163 multitronic,2005,47910,18500
144,2,7,AUDi A4 1.9 TDi 110chv RS4,1998,260000,3500
145,2,7,Audi a4 1.9 tdi 90cv,1995,290000,3000
146,2,7,A4 avant 2.0 tdi 140 cv s/line clim auto+j.alu 17,2006,54618,19150
147,2,7,A4 avant s/line 2.0tdi 143cv navi+xenon+l 04/2009,2009,27107,32970
148,2,7,A4 cabriolet s/line 2.0tdi 140cv xenon+cuir+bose+p,2006,40935,23970
149,2,7,A4 ambiente 2.0 tdi 143 cv navi+xenon+leds 09/2008,2008,26975,26450
150,2,7,Audi a4 break sline pack int + ext 2.0 tdi 2008,2008,74000,21000
151,2,7,Audi a4 avant 1.9 tdi 130 cv pack plus,2004,106000,14000
152,2,7,Audi a4 break tdi,2002,122000,14300
153,2,7,Audi a4 130cv model 2002,2001,157000,7500
154,2,7,Audi A4 1.9 TDI,2002,107200,9900
155,2,7,AUDI a4 2.5tdi v6,1998,183500,4700
156,2,7,AUDI A4 Avant 2.5 TDI 163cv,2004,188000,9500
157,2,7,Audi a4 avant 2.0 tdi ambition luxe,2005,91000,16700
158,2,7,Audi a4 s line 2.0 140cv multitronic,2007,99500,19900
159,2,7,Audi a4 tdi 130,2002,131000,9500
160,2,7,Audi A4 1.9L TDI 130 CV,2001,138000,9900
161,2,7,Audi A4 avant break 1.9TDI 130ch pack plus,2002,154991,10599
162,2,8,AUDI A5 Cabriolet S-LINE 2.0 TSI 211 Quattro,2009,9000,46900
163,2,8,AUDI A5 Cabriolet S-LINE 2.0 TSI 211 Quattro,2009,9000,46900
164,2,8,AUDI A5 Cabriolet S-LINE 2.0 TSI 211 Quattro,2009,9000,46900
165,2,9,AUDI A6 TDI AVANT BREAK AMBIENTE GPS + RÃ©gulateur,2006,67500,22000
166,2,9,Audi a6 2.0 tdi,2006,174000,14900
167,2,9,Audi a6 en suberbe etat,2004,106000,13000
168,2,9,Audi A6 2.5 TDI 150 CV&virgule,2001,121000,10990
169,2,9,Audi a6 en suberbe etat,2004,106000,13000
170,2,9,Audi A6 2.5 TDI 150 CV&virgule,2001,121000,10990
171,2,9,AUDI A6 avant 2.0 TDI Ambition Luxe 2006,2006,112000,19000
172,2,9,AUDI A6 avant 2.0 TDI Ambition Luxe 2006,2006,112000,19000
173,2,9,AUDI A6 QUATTRO 4X4 TDI ==echange==,2002,122300,12850
174,2,9,Audi A6 break 2.5L TDI 150cv,1998,153000,7800
175,2,9,Audi A6 break 2.5L TDI 150cv,1998,153000,7800
176,2,9,AUDI A6 ALLROAD 2&virgule,2002,174000,12900
177,2,9,AUDI A6 ALLROAD 2&virgule,2002,174000,12900
178,2,9,Audi A6 2.5 tdi mellÃ©sime 1997 toute options,1996,234000,4000
179,2,9,Audi a6,1997,380000,3000
180,2,9,Audi A6 break 2.5 tdi quattro pack luxe,2000,320000,7500
181,2,10,Audi a8 v6tdi 2.5l 150cv 9800euro,1998,236000,9800
182,2,11,AUDI Q5 2.0 TDI 170 Cv CUIR 2009 NOIR,2009,28200,39200
183,2,11,AUDI Q5 2.0 TDI 170cv XENON \u0096 CUIR - GPS,2008,7000,42400
184,2,12,Audi S3 2&virgule,2008,24260,33000
185,3,13,118 D confort 143CV 24000km du 12/2008 GPS16/9,2008,24000,19000
186,28,13,BMW 118 Diesel 122 ch Confort BV6. 5 portes,2006,76500,16900
187,28,13,BMW 118 Diesel 122 ch Confort BV6. 5 portes,2006,76500,16900
188,28,13,BMW 118D Confort BVA6 / 5P / 12.06.09 / 13000km,2009,13000,22900
189,28,14,Bmw 120d,2009,15600,27500
190,28,15,Bmw 320d e46,2001,97000,8000
191,28,16,BMW 320td compact Ã  dÃ©battre,2002,125000,13500
192,4,17,Chevrolet Captiva LT Pack 150cv faible kilomÃ¨trage,2007,28000,21400
193,5,18,Chrysler PT Cruiser 2.2 CRD Route 66,2006,83000,12600
194,5,18,Pt cruiser touring 2.2 crd,2003,81000,8500
195,5,18,Chrysler - Pt Cruiser touring CRD,2002,165200,8700
196,5,18,Chrysler - Pt Cruiser touring CRD,2002,165200,8700
197,5,18,CHRYSLER PT CRUISER 2.2 CRD OLYMPIA 150ch,2006,73660,10900
198,5,18,Pt Cruiser 2.2 CRD Touring Noir 07/2004 100000kms,2004,100000,8400
199,6,19,C5 BVA 2.2HDI 136cv 2002 FULL 105000Km 7300\u0080 Grtie,2002,99999,7300
200,6,19,Citroen c4 2.0hdi 138cv exclusive&virgule,2007,99900,10490
201,6,19,Citroen c4 picasso hdi 138 cv collection + gps,2009,8000,23490
202,6,19,Citroen c4 picasso hdi 138 cv collection + gps,2009,8000,23490
203,6,19,C4 VTS HDI 2.0 litre 138 chx 2005,2005,65000,13200
204,6,19,C4 VTS HDI 2.0 litre 138 chx 2005,2005,65000,13200
205,6,19,Grand c4 piccasso eclisive pack plus,2008,71000,21000
206,6,20,Citroen c5 2.2hdi 136ch,2003,196000,3500
207,6,20,A Saisir C5 2.2HDi 136CV 1Ã¨re main&virgule,2002,105000,7000
208,6,20,Tres belle citroen c5 exclusive 2.2 hdi 138,2001,159000,6300
209,6,20,Citroen C5 hdi exclusive cuir 108000km luxauto,2005,108000,8900
210,6,20,Citroen C5 Berline 2.0 L HDi 140 CV,2010,200000,23700
211,6,20,Citroen c5 ii 2.0 hdi 138 fap exclusive,2008,23000,20490
212,6,21,Citroen C6 2.2 HDi Exclusive,2007,22000,21900
213,6,21,Citroen C6 2.2 HDi Exclusive,2007,22000,21900
214,6,22,C8 2.0 hdi 110cv 09/2004 gps 67000kms 6 sieges,2005,67000,11200
215,6,22,C8 2.0 hdi 110cv 09/2004 gps 67000kms 6 sieges,2005,67000,11200
216,6,22,C8 CitroÃ«n HDI 138CV Exclusive 7 places,2009,14500,27500
217,6,22,CITROEN C8 2.2 hdi 130 CH pack fap noir,2004,149000,10500
218,6,22,CITROEN C8 2.0L 143cv an2006-29700km COMME NEUF,2006,29700,21000
219,6,22,TRES URGENT c8 2.0 pack 16v 110cv 7places merci,2003,90000,10200
220,6,22,C8 2.2 130 ch HDI PACK FAP,2004,149000,11500
221,6,22,C8 2.0 16v hdi exclusive rÃ©visÃ© garantie 1 an,2006,117030,13600
222,6,23,CITROEN XM.2.5L.TD.136cv.EXCLUSIVE. magnifique,1999,176000,5000
223,6,24,Xsara Picasso 2.0HDi pack,1993,155500,3950
224,6,24,CITROEN Xsara 2.0 VTS 137 ch,2001,115000,4000
225,6,24,Citroen Xsara 2 exclusive 2.0 HDI 90cv an2002 CTOK,2002,130000,3990
226,6,24,Belle citroen xsara 2.0 hdi 90ch exclusive,2001,203120,3790
227,6,24,Picasso 2.0 hdi 90cv,2000,207000,3700
228,6,24,Xsara exclusive 2.0 hdi 110cv bva affaire,2003,128000,4490
229,6,24,Citroen xsara picasso 2.0 hdi 90 ch exclusive gtie,2003,153000,5990
230,6,24,Citroen xsara picasso 2.0 hdi,2003,141133,6990
231,6,24,Citroen xsara break 2.0 hdi 90cv sx,2001,147000,3990
232,6,24,Citroen zxara,2000,155000,4000
233,6,24,Citroen zxara,2000,155000,4000
234,6,24,CITROEN XSARA II 2.0 HDI 90 cv,2001,240000,3000
235,6,24,Citroen zxara,2000,155000,4000
236,6,24,Citroen XSARA 2.0 HDI 90CH 5 portes,2003,167000,4700
237,6,24,Voiture xsara citroen 110 cv,2001,137000,5900
238,6,24,Citroen xsara 2.0 HDI,2003,92000,7500
239,6,24,Citroen xsara 2.0 HDI,2003,92000,7500
240,6,24,A SAISIR XSARA VTS 2.0 167 Cv - Cuir - Clim,2000,164000,3900
241,6,24,A SAISIR XSARA VTS 2.0 167 Cv - Cuir - Clim,2000,164000,3900
242,6,24,Xsara picasso hdi,2000,192000,4000
243,6,24,Citroen picasso 2.0l hdi 90 cv,2002,143000,5500
244,6,24,Citroen picasso 2.0 hdi 90 cv a-r-o,2002,145000,5990
245,6,24,Citroen xsara break 2.0hdi 90 an 2000 245000km tbe,2000,245000,2800
246,6,24,Citroen xsara 1.9d 70cv,2002,155000,2500
247,6,24,Citroen xsara picasso pack clim. 2.0l hdi rouge 90,2001,149200,6200
248,6,24,CitroÃ«n Picasso Diesel,2005,66000,9300
249,6,24,CITROEN XSARA Exclusive 2.0L HDI 110Cv,2001,131000,4900
250,6,24,Citroen XSARA 2002 2.0 HDI EXCLUSIVE,2002,140000,5500
251,6,24,Picasso 2.0 hdi pack clim rÃ©visÃ© garantie 3 mois,2003,164652,6900
252,7,25,Bravo 2.0 MTJ 165ch Sport,2009,6500,21300
253,7,25,Bravo 2.0 MTJ 165ch Sport,2009,6500,21300
254,7,25,"Fiat bravo 2.0l hgt pack sport ""echange possible""",2000,138000,3900
255,7,25,Fiat Bravo II 1.9 M-Jet 150 Cv EMOTION,2008,29300,12300
256,7,25,Fiat bravo dynamique jtd,2007,34800,12300
257,7,26,Fiat Croma 1.9 Mjet 120 CV Dynamic - 40750 km,2007,40750,13190
258,7,27,FIAT DOBLO 1.9 JTD 105cv,2004,95000,5700
259,7,28,Fiat marea week end,1997,217000,2000
260,7,29,Fiat grande punto sport 130ch,2006,47500,12500
261,7,29,Fiat grande punto sport 130ch,2006,47500,12500
262,7,29,Fiat grande punto 1.9 mjt 130cv sport,2007,52000,10000
263,7,29,FIAT GRANDEPUNTO 1.9 JTDiesel 120 CV EMOTION,2006,65000,7200
264,7,29,Fiat grande punto 1&virgule,2006,46000,10500
265,7,29,Fiat punto II 1.9L JTD EL clim 80cv,2002,113000,4700
266,7,30,FIAT 4x4 SEDICI 1.9 JTD120 EMOTION 5p,2007,34000,13607
267,7,31,SMART Roadster CoupÃ© Glance Grey,2003,120000,4500
268,7,31,SMART Roadster CoupÃ© Glance Grey,2003,120000,4500
269,7,32,Fiat stilo schumacher,2005,103000,11000
270,7,32,Fiat stilo 1.9 jtd 140ch 2005 153500km 5490\u0080,2005,153500,5490
271,7,32,Fiat Stilo 1.9l JTD 115CH&virgule,2002,166000,4800
272,7,32,"Fiat stilo 1.9l jtd 115 cv ""Ã©change possible""",2002,140000,5900
273,7,32,Fiat stilo abarth,2003,117000,4900
274,7,32,Monospace fiat ulysse 2L2 --- 136cv,2005,160000,10500
275,7,32,Fiat stilo,2003,154700,5800
276,7,32,Fiat stilo,2003,154700,5800
277,7,32,Monospace fiat ulysse,2006,98000,12800
278,7,32,Monospace fiat ulysse,2006,98000,12800
279,7,32,Affaire a saisir fiat stylo,2004,130500,7500
280,7,32,FIAT Stylo,2003,140000,6000
281,7,32,Fiat stylo,2003,144000,4000
282,8,33,Ford C Max Ghia 2l TDCI 34000km,2006,34000,13500
283,8,34,Ford focus 2.0 tdci 133 cv,2003,129000,7490
284,8,34,Ford focus C MAX GHIA 2.0l 136cv,2004,100000,9300
285,8,34,Focus st 225ch 2007,2007,28000,17000
286,8,35,A saisir ford kuga occasion,2009,14900,22995
287,8,35,Ford Kuga Titanium 2.0 TDI 136cv 18 000 km 07/09,2009,18000,25790
288,8,35,Ford Kuga 4x4 Titanium 2.0 TDCI 136&virgule,2009,21950,25890
289,8,35,Ford Kuga Titanium 4x4 2.0 tdci 136 cv Ref:O9,2009,20715,25390
290,8,35,Ford Kuga Titanium 4x4 2.0 tdi Ref:39,2009,28100,25190
291,8,35,FORD KUGA TITANIUM NOIRE Ref:E1,2008,20900,23690
292,8,36,Ford mondeo 2.0 di 115 ch de2001,2001,116000,6500
293,8,36,Ford mondeo 2.0l di 115,2002,200000,2300
294,8,36,Ford MondÃ©o 2.0 l TDCI 130cv Ghia,2003,190000,6000
295,8,36,Ford MondÃ©o 2.0 l TDCI 130cv Ghia,2003,190000,6000
296,8,36,MondÃ©o Titanium 155 CV 2.2 L Diesel 9500 \u0080,2005,125000,9500
297,8,36,MondÃ©o break TDCI 115 cv X-trend,2003,173000,5500
298,8,36,MondÃ©o break TDCI 115 cv X-trend,2003,173000,5500
299,8,36,FORD MONDEO 2 trend berline 157000km,2002,157000,4200
300,8,36,Ford Mondeo 2.0L TDDI 115CV Trend 2002,2002,113000,5200
301,8,36,Ford Mondeo Ghia X&virgule,2008,28000,19490
302,8,36,Ford Mondeo 2.0 TDCi Automatique 140cv 14752 km,2009,14752,24990
303,8,37,OUTLANDER 7 places 2.0 DID 140 INTENSE NEUF,2009,1,26550
304,8,38,FORD RANGER 4x4,2008,52000,22000
305,8,39,Ford S-Max 2.0 Tdci 130cv Titanium Bva 7 places,2008,36900,21900
306,8,39,Ford S-Max 2.0 Tdci 130cv Titanium Bva 7 places,2008,36900,21900
307,8,40,Opel Zafira Elegance 2.2L DTi 125cv 16V&virgule,2003,144500,7890
308,9,41,Honda accord 2.2 ctdi sport,2007,84000,15500
309,9,41,Belle honda accord 2.2 i vtec BVA,1996,230000,2800
310,9,42,Honda civic break 2.0 td 105 cv,1998,299800,2500
311,9,42,Honda civic break 2.0 td 105 cv,1998,299800,2500
312,9,42,Honda civic break 2.0 td 105 cv,1998,299800,2500
313,9,42,Honda Civic 2.2 icdti FAP Sport 140ch,2008,13500,16750
314,9,43,Honda Cr-v (2) 2.2 CTDI 140 CH EX,2005,115000,14600
315,9,43,Honda CRV 2.2 iCTDi 140cv,2005,106000,14000
316,9,44,Honda FRV 2.2 CTDI Confort Pack 1Ã©re Main 55000 K,2006,55000,14900
317,9,44,Honda FRV 2.2 CTDI Confort Pack 1Ã©re Main 55000 K,2006,55000,14900
318,9,44,Honda FRV 2.2 CTDI Confort Pack 1Ã©re Main 55000 K,2006,55000,14900
319,9,44,Honda fr-v 2.2 ctdi executive 140cv 6 places + opt,2008,23000,26000
320,10,45,Hyundai elantra crdi,2004,190000,4500
321,10,46,CoupÃ© Hyundai 2.0L FX 143cv,2002,144000,5900
322,10,46,CoupÃ© Hyundai 2.0L FX 143cv,2002,144000,5900
323,10,47,MONOSPACE HYUNDAI - 2.5 TD 100CV - 162000km -TintÃ©,2000,162000,5100
324,10,48,Hyundai santa fe 2.0 crdi 125 ch,2005,125000,13500
325,10,49,Hyundai tucson 2.0 crdi 140 2wd,2008,55000,15000
326,10,49,HYUNDAI TUCSON 2.0 CRDI 4WD PACK LUXE 112ch,2005,90100,10500
327,10,49,Hyundai tucson 2.0l crdi 140cv 4*4 pack confort,2006,58000,13900
328,10,49,HYUNDAI TUCSON 2.0 CRDI 4WD PACK LUXE 112ch,2005,90100,10500
329,10,49,Hyundai tucson 2.0l crdi 140cv 4*4 pack confort,2006,58000,13900
330,10,49,Hyundai tucson 2.0 crdi,2005,104000,10000
331,10,49,Hyundai Tucson,2007,54000,15000
332,11,50,Jaguar x-type 2.0l D 130ch collection &virgule,2005,82000,16500
333,12,51,Kia Sorento 2.5 L CRDi 170 CV EX Major,2009,15000,19000
334,12,52,KIA Sportage 2.0l CRDI de 2008,2008,50000,17300
335,13,53,LANCIA Lybra 2.4 JTD EXECUTIVE 150 Cv,2002,129000,6800
336,14,54,Lexus is 220d pack muktimedia ou echange,2006,39500,20000
337,15,55,Mazda 3 2.0L Performance 11 000euros Ã  dÃ©b,2007,33000,11000
338,15,55,Mazda 3 Performance Pack 2.0L MZR-CD 143 cv,2007,41400,14500
339,15,55,Mazda 3 Sport 2.2L MZR-CD 185 cv,2009,3500,21900
340,15,55,Mazda 3 Sport 2.2L MZR-CD 185 cv,2009,3500,21900
341,15,56,Mazda rx8 Ã©lÃ©gance pack,2004,53000,14950
342,16,57,Mercedes Classe A AvantGarde 180CDI,2005,110000,11990
343,16,57,Mercedes Classe A AvantGarde 180CDI,2005,110000,11990
344,17,58,"Nissan almera tino ""tekna""",2005,89000,8800
345,17,59,Mitsubishi Pajero 2.5 Turbo d intercooler 115 cv,1990,195000,2500
346,18,60,Astra Cosmo 120ch 1.9l CDTI,2007,20100,12000
347,18,61,NISSAN 4x4 _ 2.2 DCI 136 CH COLUMBIA pack cuir,2006,135000,12200
348,18,61,NISSAN 4x4 _ 2.2 DCI 136 CH COLUMBIA pack cuir,2006,135000,12200
349,18,62,Nissan primera 1.9l DCI,2004,95000,9000
350,18,62,NISSAN PRIMERA 5p 2.2L DCi 138ch Acenta Pack GPS,2006,83653,9990
351,18,62,NISSAN PRIMERA 5p 2.2L DCi 138ch Acenta Pack GPS,2006,83653,9990
352,18,62,NISSAN PRIMERA 5p 2.2L DCi 138ch Acenta Pack GPS,2006,83653,9990
353,18,63,Nissan x-trail diesel premiere main,2004,147000,9000
354,18,64,NISSAN X TRAIL phase 3 2.2 DCI confort pack family,2005,81800,12500
355,18,64,NISSAN X TRAIL phase 3 2.2 DCI confort pack family,2005,81800,12500
356,18,64,Missan x-trail,2003,68738,10400
357,18,64,4x4 nissan x-trail,2004,88000,12500
358,18,64,A SAISIR Nissan X-Trail 2.2 DCI 136 CV Confort,2004,160000,7900
359,18,64,Nissan x-trail 2.2 dci 136ch,2005,120000,14500
360,19,65,Opel Astra 2.0l DTI 16S Ã©dition GPS,2001,152000,4800
361,19,65,Opel Astra 2.0l DTI 16S Ã©dition GPS,2001,152000,4800
362,19,65,Opel ASTRA cosmo 1.9 CDTI 120,2005,119000,9100
363,19,65,Opel astra gtc 1.9 l cdti cosmo coupe sport,2006,60000,13000
364,19,65,Opel astra 2.16S,1999,79000,4000
365,19,65,OPEL ASTRA 1&virgule,2006,65000,11000
366,19,65,OPEL ASTRA 1&virgule,2006,65000,11000
367,19,65,OPEL ASTRA GTC 1.9 CDTI 150ch SPORT reprise possib,2005,112000,10900
368,19,65,OPEL ASTRA 1&virgule,2006,65000,11000
369,19,65,OPEL ASTRA GTC 1.9 CDTI 150ch SPORT reprise possib,2005,112000,10900
370,19,65,Astra II 2.0 16S OPC 160cv 3p,2001,150000,5700
371,19,65,Astra II 2.0 16S OPC 160cv 3p,2001,150000,5700
372,19,65,Opel Astra 2.2 DTI,2003,110000,8000
373,19,65,Opel astra GTC,2006,79000,12000
374,19,65,Opel astra GTC,2006,79000,12000
375,19,65,Astra gtc 150 cv garantie opel,2005,79000,12000
376,19,65,Opel astra GTC 150CV,2006,105000,9800
377,19,65,Opel astra 2.0dti 2004,2004,148000,5000
378,19,65,Opel Astra GTC 1.9 CTDI 120 cv cosmo 05/2007,2007,45200,15000
379,19,65,Opel Astra GTC 1.9 CDTI DPF Cosmo,2007,53000,16990
380,19,65,Astra cosmos 2005,2005,66000,10500
381,19,65,Astra sport 2.2l Diesel 125ch rare,2003,165000,6600
382,19,66,Opel omega 2.5l v6,1998,180000,1500
383,19,67,Opel Vectra GTS 2.2 DTI 125 cv,2003,157000,6600
384,19,67,Opel vectra 2&virgule,2001,130000,3800
385,19,67,Opel vectra 2.5 v6 cdx pack cuir bva,1999,151000,2790
386,19,67,OPEL VECTRA ANNEE 94 2.0i 2500\u0080,1994,165000,2500
387,19,67,Opel vectra 2.2 dti,2003,140000,6200
388,19,67,Opel Vectra GTS III 2&virgule,2003,100000,8500
389,19,67,Opel Vectra Breack 1.9 CDTI 05/08 Ref:C2,2008,37500,16690
390,19,68,Opel zafira 120ch,2006,78000,13000
391,19,68,Opel zafira 1.9 CDTI 120ch cosmo fap,2007,84000,13000
392,19,68,Zafira 1.9cdti enjoy,2006,105000,10500
393,19,68,Opel zafira 2.0 dti 100cv elegance an 2003 7places,2003,121000,6500
394,19,68,Opel ZAFIRA 1.9 L CDTI 150 CV DIESEL COSMO EDITION,2006,66000,12950
395,19,68,Opel ZAFIRA 1.9 L CDTI 150 CV DIESEL COSMO EDITION,2006,66000,12950
396,19,68,Opel zafira,2008,76800,13900
397,19,68,Opel zafira,2008,76800,13900
398,19,68,OPEL ZAFIRA 1.9 CDTI FAP 120cv COSMO PACK,2008,13500,19500
399,19,68,OPEL ZAFIRA 1.9 CDTI FAP 120cv COSMO PACK,2008,13500,19500
400,19,68,OPEL ZAFIRA B 1.9 CDTI 120CH cosmo fap,2007,55000,14800
401,19,68,OPEL ZAFIRA B 1.9 CDTI 120CH cosmo fap,2007,55000,14800
402,19,68,Opel zafira 2.2 dti 16v elegange 2004+garantie,2004,120000,8500
403,19,68,Zafira 2.0 dti elegance,2001,203000,4850
404,19,68,Opel Zafira 2.2 DTI Elegance,2003,145000,7000
405,19,68,Opel zafira 2.2 dti elegance 125 cv,2003,124000,7500
406,19,68,Zafira 2.2DTI125 Disney ElÃ©gance &virgule,2005,129000,7850
407,19,68,Zafira 1.9 cdti 100 ch Enjoy,2006,89303,11990
408,19,68,Zafira magnetic dec 2007 49000km 120cv sous argus,2008,49000,16000
409,19,68,Opel zafira,2009,15000,18000
410,19,68,ZAFIRA II 1.9 CDTI 120CV ENJOY PACK FAP noir,2006,65500,12700
411,19,68,Opel zafira,2006,57000,14200
412,19,68,Opel Zafira pack DVD 2.0l DTI 16V 100ch-165000km,2003,165000,6500
413,19,68,Opel zafira 1.9cdti 120,2007,65000,14700
414,19,68,Opel Zafira 1,2005,128600,9000
415,19,68,Opel zafira 2.2 dti 125ch 2004,2004,146000,9000
416,19,68,Opel zafira 2.2l dti,2005,78000,12100
417,19,68,Opel zafira 2.2l dti,2005,78000,12100
418,19,68,Monospace opel zafira cosmo 1.9 cdti FAP urgent,2006,59830,12800
419,19,68,Zafira 2.2 DTI 7 pl Ã©lÃ©gance125 ch,2005,67000,9500
420,19,68,OPEL ZAFIRA Enjoy pack limited 1.9 CDTi 100ch,2009,100,18990
421,20,69,Peugeot 206 Quicksilver 2.0l hdi,2002,160000,5000
422,20,69,Peugeot 206 SW XS 2.0 HDI 90ch,2003,91000,7600
423,20,69,206 2.0l xs hdi,2000,180000,5000
424,20,69,206 HDI Premium 2.0 l 90 ch TOUTE OPTION,2002,215000,4200
425,20,69,206 HDI Premium 2.0 l 90 ch TOUTE OPTION,2002,215000,4200
426,20,69,PEUGEOT 206 SW 2.0 HDi 90cv XS,2003,220000,4900
427,20,69,PEUGEOT 206 SW 2.0 HDi 90cv XS,2003,220000,4900
428,20,69,Peugeot 206 CC 2.0 L 16S Premium Pack Cuir BM5,2002,119000,4990
429,20,69,206 s16 2.0l,2001,140000,6900
430,20,69,Peugeot 206 SW BREAK 2.0 L HDI 90 PACK QUIKSILVER,2004,84000,7950
431,20,69,Peugeot 206 XS 2.0L HDI 90ch,2002,118000,5400
432,20,69,206 Peugeot 2.0L HDI 90 ch,2000,122000,5750
433,20,69,Peugeot 206 HDI 90 trÃ©s bon Ã©tat,2001,145000,5400
434,20,69,Peugeot 206 quiksilver 2.0 L hdi 90,2002,179054,5700
435,20,69,Peugeot 206 2.0 hdi 90 ch xt 5 portes,2003,165200,5900
436,20,70,Peugeot 207 premium pack 2.0 dhi 90cv 5 ptes 2008,2008,13500,12900
437,20,71,306 TD signature,1996,255000,2800
438,20,71,Peugeot 306 1.9 turbo diesel td 1994,1994,271000,1800
439,20,72,PEUGEOT 307 XS 5Ptes 2.0 HDI 110 - Diesel,2003,133000,6500
440,20,72,Peugeot 307 HDI 5 Portes,2003,110000,7000
441,20,72,Echange 307 2.0l HDI 136 cv Pack sport,2004,119000,10000
442,20,72,Peugeot 307 2.0 l hdi 110 cv serie xt clim 5 ptes,2004,128642,6700
443,20,72,307 cc super occaz peu km,2005,8700,19500
444,20,72,307 sw 2.0 hdi pack,2004,106000,8700
445,20,72,Peugeot 307 2.0 hdi xs 110cv Navtech. GPS.TEL.CLIM,2004,125000,6650
446,20,72,307 sw griffe 2.0l hdi 136 cv boite 6,2005,100000,5990
447,20,72,307 sw griffe 2.0l hdi 136 cv boite 6,2005,100000,5990
448,20,72,PEUGEOT 307 SW 2.0 L HDI 136 CV Sport FAP 47000kms,2007,47000,14000
449,20,72,PEUGEOT 307 SW 2.0 L HDI 136 CV Sport FAP 47000kms,2007,47000,14000
450,20,72,PEUGEOT 307 XS 2L HDI 90ch,2005,155000,8700
451,20,72,PEUGEOT 307 XS 2L HDI 90ch,2005,155000,6900
452,20,72,Peugeot 307 HDI 136ch Sportline,2004,109000,8800
453,20,72,PEUGEOT 307 2.0 16v 180 ch Feline,2006,32000,10000
454,20,72,PEUGEOT 307 2.0 16v 180 ch Feline,2006,32000,10000
455,20,72,Peugeot 307 break SW pack 110cv,2002,175000,5200
456,20,72,Peugeot 307 break SW pack 110cv,2002,175000,5200
457,20,72,307 xs 2.0 hdi 90 cv 3p,2002,79000,7800
458,20,72,Peugeot 307 2.0hdi 90ch x-line 5 portes,2004,123000,8500
459,20,72,307CC 2.0 HDI 136ch FAP Sport Pack CUIR INTEGRAL,2007,46200,17900
460,20,72,Peugeot 307 Hdi 90cv,2002,171700,5300
461,20,72,Urgent 307 x-line clim 2l hdi 90cv,2004,121000,6690
462,20,72,Peugeot 307 sw 2.0 HDI 110 cv navetech on board,2003,143000,7400
463,20,72,PEUGEOT 307 XT Premium,2002,184000,5200
464,20,72,307 hdi,2002,165000,5700
465,20,72,307 cc pack sport luxe 136 hdi 2l toute option,2006,94000,14400
466,20,72,Peugeot 307 sw,2004,125500,8000
467,20,72,307 CC 2.0 HDI Sport Gris 2006 . 47000 KM,2006,47000,14990
468,20,72,307 XT Premium - 2.0L - 110CV,2003,114000,7500
469,20,72,Peugeot 307 SW 2.0 Hdi 110cv &quote,2003,104905,8900
470,20,72,307 HDI 110 cv pack sport 5 portes,2002,225000,5000
471,20,72,Peugeot 307 sw 2.0 HDI,2003,156000,6200
472,20,72,307 cc 2.0 16v Pack Sport 138 ch,2004,94000,9000
473,20,73,Peugeot 308 fÃ©line,2008,44000,21000
474,20,73,Peugeot 308 fÃ©line,2008,44000,21000
475,20,73,Peugeot 308 FÃ©line 2.0 HDI 136CV,2007,26000,18000
476,20,73,Peugeot 308 FÃ©line 2.0 HDI 136CV,2007,26000,18000
477,20,73,Peugeot 3008 HDI 150 Premium de collaborateur,2009,13500,23800
478,20,73,Peugeot 308 Sw Diesel 2.0 HDI 136 cv Premium,2009,3900,16970
479,20,73,Peugeot 308 2.0 HDI 136 cv premium pack&virgule,2008,27370,16970
480,20,73,Peugeot 308 pack prenium,2007,65000,15000
481,20,74,Peugeot 406 2.0 Hdi 110 CV,2000,139000,3800
482,20,74,Peugeot 406 1.9l turbo diesel,1998,275000,2350
483,20,74,PEUGEOT 406 CoupÃ© - 2.2L 16V Pack,2003,37500,12000
484,20,74,406 coupÃ© 2.2L HDi 16s pack,2002,80000,9500
485,20,74,406 coupÃ© 2.2L HDi 16s pack,2002,80000,9500
486,20,74,406 coupe 2.2 hdi turbo 16 soupapes fap,2002,111000,8200
487,20,74,Peugeot 406 2.2 hdi 136cv pack sport,2001,191000,6590
488,20,74,Peugeot 406 2.2 hdi 136cv pack sport,2001,191000,6590
489,20,74,Peugeot 406 2.0 hdi 110 pack confort,2001,161500,6800
490,20,74,Peugeot 406 2.0 hdi 110 pack confort,2001,161500,6800
491,20,74,Peugeot 406 2.2 hdi 136 cv,2002,140000,5600
492,20,74,Peugeot 406 2.2 hdi 136 cv,2002,140000,5600
493,20,74,Voiture 406 hdi 110 ch annÃ©e 1999 st,1999,275000,3700
494,20,74,Belle 406 2.2 hdi 136 cv pack sport,2002,155000,5900
495,20,74,Peugeot 406&virgule,2002,170000,5850
496,20,74,Peugeot 406 1.9L TD 110cv,1995,270000,2000
497,20,74,Peugeot 406 1.9L TD 110cv,1995,270000,2000
498,20,74,Peugeot 406 hdi,2001,264000,3700
499,20,74,Peugeot 406 coupe 2.2 hdi,2001,173000,7990
500,20,75,Peugeot 407 2.0 HDI 16v Executive Pack FAP 136cv,2004,110000,8590
501,20,75,407 hdi 2.0 136cv,2005,122000,8800
502,20,75,PEUGEOT 407 . 2&virgule,2006,146000,9750
503,20,75,Peugeot 407 sw 2.0hdi executive pack,2005,85000,12890
504,20,75,Peugeot 407 CoupÃ© 2.0L HDI 136cv FÃ©line 9800Kms,2008,9800,26500
505,20,75,Peugeot 407 -2.0 hdi -136 CV,2004,155000,8900
506,20,75,407 2.0l hdi 136cv executive,2005,101000,9200
507,20,75,407 2.0l hdi 136cv executive,2005,101000,9200
508,20,75,Peugeot 407 sw hdi 2.0 l 136 cv executive dms,2005,114000,8900
509,20,75,Peugeot 407 SW HDI avec garantie constructeur,2007,78000,14000
510,20,75,Peugeot 407 SW,2005,80000,10200
511,20,75,Peugeot 407 SW,2005,80000,10200
512,20,75,Peugeot 407 SW,2005,80000,10200
513,20,75,Urgent 407 sport pack 2L 136CV 13 500 euros,2007,40000,13500
514,20,75,Urgent 407 sport pack 2L 136CV 13 500 euros,2007,40000,13500
515,20,75,Urgent 407 sport pack 2L 136CV 13 500 euros,2007,40000,13500
516,20,75,Peugeot 407 sw hdi 126 confort,2005,150000,8400
517,20,75,Peugeot 407 sw hdi 126 confort,2005,150000,8400
518,20,75,Peugeot 407 2l hdi 136cv pack sport -prix a saisir,2007,150000,8900
519,20,75,Peugeot 407 hdi 110 cv fap pack,2006,84500,11000
520,20,75,407 griffe 2.0 hdi 136 ch bva gps ttes options,2005,128500,11900
521,20,75,407 griffe 2.0 hdi 136 ch bva gps ttes options,2005,128500,11900
522,20,75,407 sw 2.0 hdi 136 premium pack gps (05/2008),2008,31900,17500
523,20,75,407 sw 2.0 hdi 136 premium pack gps (05/2008),2008,31900,17500
524,20,75,PEUGEOT 407 2.0 HDI 136cv Sport Pack FAP,2004,94200,12300
525,20,75,PEUGEOT 407 2.0 HDI 136cv Sport Pack FAP,2004,94200,12300
526,20,75,407 hdi 136 sw 85000km am2005 toit panoramique,2005,85000,10800
527,20,75,407 Griffe 2.0 HDI 136 BVM 6 2004 Gris Anthracite,2004,151000,9990
528,20,75,407 Griffe 2.0 HDI 136 BVM 6 2004 Gris Anthracite,2004,151000,9990
529,20,75,Peugeot 407 sw pack sport 2.0hdi 136ch,2006,185700,9500
530,20,75,Peugeot 407 noir,2009,23000,22000
531,20,75,Peugeot 407 &virgule,2005,163000,7900
532,20,75,Peugeot 407 2.0 HDI 140 cv premium&virgule,2008,5769,14970
533,20,75,407 sw 2.0l bv6 sport pack ou echange,2005,140000,8600
534,20,75,Peugeot 407 2.2 HDI Griffe,2005,136000,9000
535,20,75,Peugeot 407 Griffe 2.0HDI 136ch,2005,73250,12400
536,20,75,Peugeot 407 2.2 essence ExÃ©cutive Pack,2004,64000,7850
537,20,75,407 sw 2.0 hdi 136 fap,2008,65000,12000
538,20,76,PEUGEOT 607 2.2 L hdi Premium Pack 136 CV,2004,124000,9400
539,20,76,PEUGEOT 607 2.2 L hdi Premium Pack 136 CV,2004,124000,9400
540,20,76,Peugeot 607,2001,260000,5400
541,20,76,Peugeot 607,2001,260000,5400
542,20,76,PEUGEOT 607 2.2 16v PACK 160CH,2001,106835,6200
543,20,76,Tres belle 607 hdi 2.2 l 136 cv pack luxe,2003,135617,6990
544,20,76,607 2.2 HDI 136cv 2003,2003,197700,6900
545,20,76,Peugeot 607 2.2HDI 136CV,2004,165000,6990
546,20,76,A saisir 607 2.2hdi 16s 2001,2001,117000,9000
547,20,76,Peugeot 607 2.2l 136ch,2001,140000,7800
548,20,77,Belle Peugeot 806 2.0l hdi,2000,168000,8500
549,20,77,Peugeot 806 hdi 110cv 5200\u0080,2000,210000,5200
550,20,77,Peugeot 806 hdi 110cv 5200\u0080,2000,210000,5200
551,20,78,Peugeot 807 2.2 hdi 136ch,2007,200000,14700
552,20,78,Peugeot 807 2.0 hdi 16v confort,2006,135000,12500
553,20,78,Peugeot 807 2.0 hdi 16v confort,2006,135000,12500
554,20,78,807 2.2hdi 136cv navetech on bord,2004,164000,9000
555,20,78,Peugeot 807 2.2L hdi 136CV SV pullman 6 places,2005,107000,12900
556,20,78,Peugeot 807 2.0HDi136,2006,139900,11990
557,20,78,PEUGEOT 807 2.2 HDI GPS COULEUR CUIR boite 6,2006,112500,12500
558,20,78,Urgent Peugeot 807 2&virgule,2006,53000,16500
559,20,78,Peugeot 807 2.2 hdi 136ch,2002,180000,8500
560,20,78,Peugeot 807 2.2 hdi 136ch,2002,180000,8500
561,20,78,807 2.2 HDI 136CV 7 places 55000 km,2006,55000,18000
562,21,79,Ã‰change Clio RS 2 phase 2,2002,94500,8000
563,20,80,PEUGEOT Partner Zenith 2L HDI 90cv,2003,125640,6480
564,21,81,RENAULT CLIO RS 2.0 16V Phase III 200 cv,2007,28973,14500
565,21,81,Renault Clio III RS Sport 2.0 16S 200ch,2006,44000,13900
566,21,81,Clio sport 2.0 l rs 200 ch,2007,32000,13900
567,21,81,Renault clio 2 1.9 l dti 80cv diesel cuir,2000,156000,4600
568,21,81,Renault clio 2 1.9 l dti 80cv diesel cuir,2000,156000,4600
569,21,81,CLIO 3 2.0 140 ch EXCEPTION BVA 3 p / ttes options,2008,18000,12750
570,21,81,Clio williams 200cv numÃ©rotÃ©e 1261,1994,154852,5000
571,21,82,Renault espace 3 privilege 124000km,2001,124000,9000
572,21,82,Grand Espace IV 2.0 DCI 175 FAP Alyum Plus,2007,51000,22000
573,21,82,Renault Espace IV(2) 2.0L DCI 150cv PrivilÃ©ge,2007,39000,12590
574,21,82,Renault Espace 2.2 DCi The Race 2002,2002,195000,5500
575,21,82,Renault Espace 2.2 DCi The Race 2002,2002,195000,5500
576,21,82,Renault espace 4 dci2.2 / 150 cv,2003,155000,8900
577,21,82,Renault espace III.2.2dti 115cv.7pl,1998,270000,3100
578,21,82,Renault espace iv,2003,160000,8000
579,21,82,Espace 2&virgule,2002,116000,7490
580,21,82,Grand espace 4,2004,65000,12900
581,21,82,Renault espace 4 - 2.0 dci 150cv,2007,36000,20000
582,21,82,ESPACE 4 1.9dci 120cv authent 10/03 1e main 5990E,2003,165700,5990
583,21,82,Espace III,2002,118500,6000
584,21,82,Renault Espace 2.2 l 150 cv Expression BV6,2003,107000,12000
585,21,82,Renault espace 4 2l2 dci 150cv garantie a voir,2006,97850,11800
586,21,82,Renault espace 1.9 DCI 117 CH Confort expression,2006,150000,7600
587,21,82,Renault espace 1.9 DCI 117 CH Confort expression,2006,150000,7600
588,21,82,Espace IV privilÃ¨ge 2.0T&virgule,2006,53800,14000
589,21,82,Espace 4 2.2 dci 150 ch,2003,127000,8500
590,21,82,Espace IV privilÃ¨ge 2.0T&virgule,2006,53800,14000
591,21,82,Espace 4 2.2 dci 150 ch,2003,127000,8500
592,21,82,Grand espace 3 2.2dCi PRIVILEGE 130cv,2002,106000,12000
593,21,82,Espace 4 privilÃ©ge 2.0 dci 150 cv 7 sieges,2007,139500,13500
594,21,82,Espace 4 privilÃ©ge 2.0 dci 150 cv 7 sieges,2007,139500,13500
595,21,82,RENAULT ESPACE 3 2.2 dCi 130,2001,209000,5800
596,21,82,Renault Espace IV 2.2 DCi,2005,92000,15000
597,21,82,Renault Espace IV 2.2 DCi,2005,92000,15000
598,21,82,ESPACE 3/2.2 DCI / NORDCARS (garantie 3 Ã  24 mois),2002,69870,7000
599,21,82,ESPACE 3/2.2 DCI / NORDCARS (garantie 3 Ã  24 mois),2002,69870,7000
600,21,82,Renault espace iv 2.2dci-150cv privilege gps+dvd,2004,110000,12490
601,21,82,Espace 4 2.2dci 150cv rallongÃ©,2004,143000,9500
602,21,82,Renault espace 4,2005,105000,11000
603,21,82,Espace 4 2.2dci 150cv rallongÃ©,2004,143000,9500
604,21,82,Renault espace 4,2005,105000,11000
605,21,82,Espace IV long 2.2 dci 150 cv,2004,80000,10000
606,21,82,Grand espace iv 2.0l dci 175 fab BVA alyum,2006,45261,10800
607,21,82,Espace IV long 2.2 dci 150 cv,2004,80000,10000
608,21,82,Renault espace 4 2.2l dci 150 cv,2004,149300,8800
609,21,82,Renault espace 4 2.2l dci 150 cv,2004,149300,8800
610,21,82,Renault Espace 2&virgule,2006,118600,10550
611,21,82,Renault espace 4 2.2 dci,2005,63500,9900
612,21,82,Renault espace 4 2.2 dci,2005,63500,9900
613,21,82,Renault espace iv 2.2 dci 150cv privilege,2002,162000,8000
614,21,82,Renault espace iv 2.2 dci 150cv privilege,2002,162000,8000
615,21,82,Grand espace 12/2005 Alyum + 80000 km diesel 1.9dc,2005,80000,13000
616,21,82,Renault Espace 2&virgule,2006,118006,10550
617,21,82,Renault espace 2.2dt rxe115cv 7siÃ¨ges1999-308000km,1999,308000,2900
618,21,82,Renault Espace IV PrivilÃ¨ge - 2.2 L DCI 150 ch,2004,115000,11500
619,21,82,Grand espace iv alyum plus,2008,40000,24500
620,21,82,Grand renault espace 3,2001,131000,6900
621,21,82,Espace dci,2005,185000,7250
622,21,82,Espace IV PrivilÃ¨ge 2.2 dci de 12/2004,2004,101000,12500
623,21,82,Espace 4 dci 2.2 l,2005,154500,8800
624,21,82,Espace IV 1.9 dci 92000KM garanti 12 mois luxauto,2005,92000,9900
625,21,82,RENAULT Espace IV 2.2 DCI 150ch PrivilÃ¨ge,2002,135000,9900
626,21,82,CEDE ou echange Renault grand espace III 2.2 DCI,2001,160000,6000
627,21,82,Espace 4 1.9dci 117ch+cuir,2005,108000,10000
628,21,82,Espace 3,2001,117800,6500
629,21,82,Espace renault 4,2003,130000,12000
630,21,82,Renault Grand Espace 2.2dt,2000,216000,6500
631,21,82,Renault Espace Alyum Plus,2006,76000,18000
632,21,82,Espace 4 privilÃ¨ge 2.2 dci 150 cv,2003,111980,8400
633,21,82,Espace 4 2.2 L DCI 150CV,2004,180000,8000
634,21,82,Grand espace 2.2 dci 7places,2001,79402,8500
635,21,83,Renault Kangoo 4X4 1&virgule,2005,173300,6800
636,21,84,Laguna estate,2006,95500,10800
637,21,84,Laguna Initiale 1.9 DCI 120,2003,106000,8900
638,21,84,Laguna ii 1.9 dci 120 cv dynamique bv6,2001,119000,5500
639,21,84,Laguna 2 Estate 2.2l DCI Luxe PrivilÃ¨ge 150cv,2005,169000,7000
640,21,84,Laguna 2estate 1.9 dci 125cv confcarminat 2006 gps,2006,92545,7900
641,21,84,Laguna 2.2 dci 150 ch privilege,2002,110000,7200
642,21,84,Laguna 2.2 dci 150 ch privilege,2002,110000,7200
643,21,84,Laguna 1.9 dci 120ch gps xenon,2001,127000,5500
644,21,84,Laguna II break diesel Ã  saisir,2005,85000,9500
645,21,84,Laguna 2 phase 2 dci 110ch confort expression,2005,91500,6850
646,21,84,Renault laguna 1.9 dci 120 cv initiale 2001,2001,194000,6700
647,21,84,Renault laguna 1.9 dci 120 cv initiale 2001,2001,194000,6700
648,21,84,Laguna II estate 2.2 dci 150 CV,2002,137000,7000
649,21,84,Laguna 2 estate 1.9 dci 110 cv ExprÃ©ssion,2003,123260,6500
650,21,84,Laguna 2 estate 1.9 dci 110 cv ExprÃ©ssion,2003,123260,6500
651,21,84,Renault Laguna Estate 1.9 DCI 11O Pack Authentique,2005,82500,8490
652,21,84,LAGUNA INITIALE DCI 120cv 1&virgule,2005,83000,10000
653,21,84,Renault laguna 2 estate dynamique 1.9 dci,2005,77000,10500
654,21,84,LAGUNA INITIALE DCI 120cv 1&virgule,2005,83000,10000
655,21,84,Renault laguna 2 estate dynamique 1.9 dci,2005,77000,10500
656,21,84,Renault Laguna Estate 1.9 DCI 11O Pack Authentique,2005,82500,8490
657,21,84,Renault laguna 2 estate dynamique 1.9 dci,2005,77000,10500
658,21,84,Laguna II 2.2 dci 150cv luxe privilÃ¨ge,2002,113000,5800
659,21,84,Laguna II 1.9 DCI 120 ch Sport Dynamique,2003,135000,15300
660,21,84,Laguna II 1.9 DCI 120 ch Sport Dynamique,2003,135000,12300
661,21,84,Laguna break 1.9dci 120ch,2002,170000,4200
662,21,84,LAGUNA 2 PHASE 2 1.9 DCI LUXE PRIVILEGE +options,2006,86183,11000
663,21,84,LAGUNA 2 PHASE 2 1.9 DCI LUXE PRIVILEGE +options,2006,86183,11000
664,21,84,Renault Laguna III 2.0 DCI 150 dynamique,2008,30638,15750
665,21,84,Laguna 2 1.9dci echange,2002,175500,6000
666,21,84,Laguna 2 1.9dci echange,2002,175500,6000
667,21,84,Renault Laguna III Estate DCI 150 Exp. - 24500 km,2008,24500,15890
668,21,84,Renault laguna 1.9 dci 110cv emotion,2005,127601,8700
669,21,84,Renault laguna 1.9 dci 110cv emotion,2005,127601,8700
670,21,84,Renault Laguna 2 1.9 dci 120ch privilege GPS,2004,168000,4900
671,21,84,Renault laguna estate 1.9dci 120Ch,2005,155000,6800
672,21,84,Laguna CoupÃ© GT 180 dCi Cuir GPS PROMO 25990 \u0080,2009,12424,25990
673,21,84,Renault laguna ii 2.0 dci 150,1997,99500,10750
674,21,84,Renault Laguna 3 Estate 2.0 dCi 150ch Dynamique,2008,34000,18500
675,21,84,Laguna 2 estate,2003,126000,6500
676,21,84,Renault laguna Estate 1.9 DCI 120CV Ã  4350\u0080,2002,172500,4350
677,21,84,Laguna 1.9 dci 120cv estate privilÃ¨ge,2003,116000,6800
678,21,84,Laguna II 1.9 dci 110 cv,2004,116100,7000
679,21,84,Renault laguna estate 1.9dci 120ch impulsion,2004,96000,9800
680,21,84,RENAULT LAGUNA II Phase 2 Essence 2.0T Luxe Priv,2005,35000,9000
681,21,84,TRES BELLE LAGUNA 1.9DCI PRIVILEGE de 2003,2003,182000,4890
682,21,84,Laguna 3 berline PrivilÃ¨ge 2&virgule,2007,35000,17700
683,21,84,Laguna 2.2l dci 150ch bv6 faible km annÃ©e 01/2002,2002,96000,4800
684,21,84,Renault Laguna III estate2.0 Dci 130 cv Expression,2008,26359,14970
685,21,84,Renault Laguna III berline 2.0 Dci 150 cv BVA6 Pr,2008,12043,16490
686,21,84,LAGUNA 1.9 DCI 120ch gps xenon,2001,127000,6000
687,21,84,Laguna 2 dci 110 cv expression,2002,120000,5000
688,21,84,Laguna ph 2,2005,104000,7000
689,21,84,Laguna 2 dci 125cv dynamique 08/2006 1ere main,2006,157000,6700
690,21,84,Renault laguna 2,2001,133000,5000
691,21,84,Laguna 2,2001,172800,4400
692,21,84,Renault laguna 2 dci,2002,187000,4500
693,21,84,Renault laguna estate privilÃ¨ge,2001,100000,7000
694,21,84,Renault Laguna 1 phase 2 DÃ©dicace 1&virgule,2000,133000,2700
695,21,84,Laguna Break Renault 1.9 DCI 120CV GARANTIE 6 MOIS,2002,200000,4800
696,21,84,Renault Laguna Luxe Privilege 1.9dci 120cv,2001,133200,4990
697,21,84,LAGUNA II Ph2 1.9 dCi 125ch LUXE DYNAMIQUE,2006,64816,10124
698,21,84,Laguna estate luxe privilege 1.9 dci 120cv,2005,175000,7500
699,21,84,Laguna estate luxe privilege 1.9 dci 120cv,2005,175000,7500
700,21,84,RENAULT LAGUNA III 2.0l 140ch,2007,23000,17900
701,21,84,LAGUNA II Phase 2 - 1&virgule,2005,132000,8700
702,21,85,Renault master frigorifique,2004,211000,7500
703,21,86,Megane II 1.9 dci 120 ch luxe privilege,2003,138000,7500
704,21,86,Renault Megane II Classic 1.9 dci 120cv 33 000km,2005,33000,8390
705,21,86,Megane cc luxe privilege 1.9 dci 120ch ss cÃ´te,2006,68000,13700
706,21,86,Megane cc luxe privilege 1.9 dci 120ch ss cÃ´te,2006,68000,13700
707,21,86,Renault megane 1.9dci 120ch,2003,179000,5400
708,21,86,Megane II 1L9 DCI 120 CV,2003,135000,5500
709,21,86,MÃ©gane 2 DCI,2002,135000,6700
710,21,86,"MÃ©gane rs 225cv ""TRES bonne affaire""",2005,74000,11700
711,21,86,Megane cc,2006,75000,5500
712,21,86,MÃ©gane coupÃ©,2000,193000,4100
713,21,86,Megane 2 1.9 DCI 120 expression,2003,146000,6000
714,21,86,MÃ©gane 2 dci 120 luxe authentique,2003,114000,6900
715,21,86,MÃ©gane 2 dci 120 luxe authentique,2003,114000,6900
716,21,86,Megane II CC 2.0 dci 150cv Dynamique 2007,2007,35500,15500
717,21,86,Megane II CC 2.0 dci 150cv Dynamique 2007,2007,35500,15500
718,21,86,Megane 2 estate 1.9 dci 120cv,2003,176000,6900
719,21,86,Megane 2 estate 1.9 dci 120cv,2003,176000,6900
720,21,86,Renault Megane R26 F1 Team - 18500\u0080,2007,35000,18500
721,21,86,Megane 2 estate 1.9 dci 120cv,2003,176000,6900
722,21,86,Renault Megane R26 F1 Team - 18500\u0080,2007,35000,18500
723,21,86,Renault megane 22003,2003,187000,5300
724,21,86,Renault megane 22003,2003,187000,5300
725,21,86,Renault megane 1.9dti face2 excelent etat general,1999,272000,2650
726,21,86,MÃ©gane estate sport dynamique 1&virgule,2005,123500,7700
727,21,86,MÃ©gane estate sport dynamique 1&virgule,2005,123500,7700
728,21,86,Renault megane break estate 1&virgule,2005,88000,10000
729,21,86,Renault megane break estate 1&virgule,2005,88000,10000
730,21,86,Renault megane scenic 2 1&virgule,2005,99000,10500
731,21,86,Renault megane II (2) 2.0 t 230 rs f1 team R26 3p,2007,25000,18900
732,21,86,Renault megane II (2) 2.0 t 230 rs f1 team R26 3p,2007,25000,18900
733,21,86,Megane estate confort expression130cv 1ere main,2006,128000,7100
734,21,86,Megane estate confort expression130cv 1ere main,2006,128000,7100
735,21,86,MÃ©gane 3 130 DCi Dynamique PROMO 16490 \u0080,2008,24123,16490
736,21,86,MÃ©gane 3 130 DCi Dynamique PROMO 16490 \u0080,2008,24123,16490
737,21,86,Megane CC DCI luxe,2004,125000,10800
738,21,86,Megane dci expression 2007 1ere main 120000km,2007,120000,5800
739,21,86,MÃ©gane 2 Sport Dynamique,2003,105000,7800
740,21,86,Renault MEGANE II Luxe Privilege,2003,110000,17800
741,21,86,Renault megane 1.9 dci,2006,144000,7800
742,21,86,Renault Megane 1.9 DCi 120cv Confort expression,2005,67000,8500
743,21,86,MÃ©gane II 1.9 DCI 130 cv,2007,65000,11900
744,21,86,Renault mÃ©gane,2004,150000,6700
745,21,86,TOP MÃ©gane Sport Dynamique oct 2005,2006,99500,8500
746,21,86,Renault Megane 1.9dci 130CV FAP,2006,75000,9500
747,21,86,Renault mÃ©gane dci cabriolet,2004,239411,8900
748,21,86,Renault megane,2000,195000,2800
749,21,86,Renault Megane II 1.9l DCI 120cv,2003,135000,6000
750,21,86,Renault megane 2 II 120cv 1.9 dci 7 ch ARGUS 9500\u0080,2005,137000,6399
751,21,86,Megane 2 1.9l dci 120ch sport dynamique,2004,118000,6500
752,21,86,Megane cc,2005,137500,9500
753,21,86,Megane 1.9 dci 120 ch,2005,86900,10300
754,21,86,Megane2 1.9L DCI 120 ch,2004,152000,7900
755,21,87,Renault senic II dci,2003,126220,8380
756,21,87,Gd scenic 2.0 dci 150 jade&virgule,2006,94000,14500
757,21,87,ScÃ©nic 2 - 1.9 DCI Luxe PrivilÃ¨ge,2004,120000,7900
758,21,87,ScÃ©nic aigle 1&virgule,2002,181000,5200
759,21,87,Renault scenic ii,2006,66000,11000
760,21,87,Scenic 1.9 dci,2005,55000,8500
761,21,87,Jolie renault scenic 1.9 dci 120cv luxe privilege,2003,152000,5990
762,21,87,Renault Scenic II 1.9DCI 120CH 2004 118000KM,2004,118000,7200
763,21,87,Renault grand scenic pack expression 1.9l dci 120,2005,83421,10200
764,21,87,Renault scenic 1.9 dci 120 cv serie luxe dynamique,2004,133642,6700
765,21,87,Renault scenic 2 1.9 dci 120 ch. luxe privilege,2004,121000,7100
766,21,87,Renault Scenic 2 1.9 DCI 120 cv Exception,2005,108647,7790
767,21,87,Renault Scenic 2 1.9 DCI 120 cv Exception,2005,108647,7790
768,21,87,SCENIC 2 conft expression 1.9 Dci 120cv,2003,161200,6900
769,21,87,A saisir renault scenic 1.9dci 130cv exp gps,2006,633300,11800
770,21,87,A saisir renault scenic 1.9dci 130cv exp gps,2006,633300,11800
771,21,87,A saisir renault scenic 1.9dci 130cv exp gps,2006,633300,11800
772,21,87,GRAND SCENIC Luxe Privilege 1.9 d Prix Ã  dÃ©battre,2005,50500,13500
773,21,87,Renault scenic 1.9dci fairway 105ch,2002,115200,6300
774,21,87,Grand ScÃ©nic 1&virgule,2005,73000,11000
775,21,87,Grand scenic luxe dynamique 1.9 dci 130ch fap,2005,69000,12900
776,21,87,ScÃ©nic 2 - 1&virgule,2003,108000,7800
777,21,87,SCENIC II Excepion 130cv,2008,12000,18750
778,21,87,ScÃ©nic 2 - 1&virgule,2003,108000,7800
779,21,87,SCENIC II Excepion 130cv,2008,12000,18750
780,21,87,Scenic confort dynamique 150 cv 2006,2006,95000,9900
781,21,87,Grand Scenic 7 pl Luxe PrivilÃ¨ge DCI 120cv 76000Km,2005,76000,11900
782,21,87,Renault scenic II 1l9 DCI 120 cv boite 6,2003,130000,6000
783,21,87,Renault Scenic 1.9DCI Confort Expression,2004,139000,6300
784,21,87,Grand Scenic 7 pl Luxe PrivilÃ¨ge DCI 120cv 76000Km,2005,76000,11900
785,21,87,Scenic dci echange possible,2001,191000,4800
786,21,87,Renault grand scenic 1.9dci 130cv luxe privilege,2006,107000,10990
787,21,87,Renault scenic 1.9dci 120cv dynamique to pano,2006,112000,9000
788,21,87,Scenic dci120cv luxe dynamique toit pano gps cuir,2005,106000,8500
789,21,87,Renault scÃ©nic,2008,31000,17900
790,21,87,Scenic dci120cv luxe dynamique toit pano gps cuir,2005,106000,8500
791,21,87,Renault scÃ©nic,2008,31000,17900
792,21,87,Renault scenic iii 1.9 dci 105cv luxe dynamique,2005,70991,11500
793,21,87,Renault scenic grand confort gps 7 place dci dms,2005,113000,7900
794,21,87,Renault Scenic III 1.9 DCI 130 FAP PRIVILEGE 7 pl,2009,4159,22500
795,21,87,Scenic 1.9 dci 12o ch luxe dynamique,2005,132000,8500
796,21,87,Scenic 1.9 dci 12o ch luxe dynamique,2005,132000,8500
797,21,87,Renault Grand Scenic 3 - 2.0 DCI 160 JADE 7 places,2009,49900,19970
798,21,87,Renault Grand Scenic 3 - 2.0 DCI 160 JADE 7 places,2009,49900,19970
799,21,87,ScÃ©nic II 1.9L dCi 130cv Luxe Dynamique,2005,66000,14200
800,21,87,Grand ScÃ©nic 3 Expression 7 places 1.9 dCi 130 cv,2009,10000,20700
801,21,87,Renault scenic ii 1.9 dci 120 ch confort expressio,2004,70000,9500
802,21,87,Renault scenic dci 120cv sport dynamique ct vierge,2004,78000,8990
803,21,87,Scenic 2 privilege 1.9 dci 130cv 7 places gtie 1an,2006,50000,13990
804,21,87,Renault Scenic II 1.9 DCI 120 CH LUXE,2005,100877,9700
805,21,87,Renault scenic 1.9 dci confort expression,2003,133780,9300
806,21,87,RENAULT SCENIC II 1.9l dci 120ch Pack Expression,2005,95000,8300
807,21,87,Scenic 1.9dci 120ch de 2006 Ã©change possible,2006,155000,8000
808,21,87,Senic RX4 toutes options,2002,110000,7000
809,21,87,SENIC II CONFORT EXPRESSION 1&virgule,2004,115000,6800
810,21,87,Grand scenic 2.0 dci 150 ch dynamique 5 places,2007,38429,15790
811,21,87,Grand ScÃ©nic 5 Places JADE 1.9Dci 130 CV,2009,5000,24000
812,21,87,Renault Grand Scenic III 2.0 Dci 160 cv Jade 7 pl,2009,49500,19970
813,21,87,Grand scenic 1.9 dci 120 cv 7 places sarl luxauto,2005,135000,8900
814,21,87,Renault scenic 1.9l dti 100cv,2000,195000,3300
815,21,87,Grand SCENIC 7 places 1.9DCI 120&virgule,2005,57800,12500
816,21,87,Scenic I phase II 1&virgule,2002,111000,6200
817,21,87,Renault scenic 2 1.9 dci 120 ch confort dynamique,2005,112000,8400
818,21,87,Renault scenic ii 1.9 dci 130 cv exception,2008,55000,15500
819,21,87,Grand ScÃ©nic 1.9 dci 120ch luxe TOIT PANORAMIQUE,2004,98000,10200
820,21,87,Renault Scenic II 1.9 dci 120ch confort expression,2005,81000,9800
821,21,87,Renault Scenic luxe privilege 1.9 dci 120 cv,2006,110000,11000
822,21,87,Grand Scenic Exception 1&virgule,2005,55000,14500
823,21,87,Scenic moteur neuf 1.9dci 120ch 2003,2003,1,10500
824,21,87,Renault scenic 1.9 dti,1999,190834,3500
825,21,87,Renault ScÃ©nic I phase 2 (MÃ©gane),2001,85000,6500
826,21,87,Scenic 2 luxe privilege 1.9dci 120cv,2005,50100,11200
827,21,87,Renault scenic exception 1.9l dci 120 ch,2005,80680,13600
828,21,87,Magnifique scenic2 finition JADE 150 cv de 2007,2007,91500,18900
829,21,88,Renault trafic passenger 1.9 dci 100ch 8places,2004,131050,12500
830,21,88,Trafic 1.9 l dci 100 cv 9 places 79 000 kms.tbe,2003,79000,12200
831,21,88,Renault trafic minibus,2005,112000,11900
832,21,89,Renault velsatis carminat 2.2 dci 150cv,2005,91976,8990
833,21,89,VelSatis 2.2 DCI GPS 3D 2006 Carminat,2006,171000,7300
834,21,89,VelSatis 2.2 DCI GPS 3D 2006 Carminat,2006,171000,7300
835,21,89,Velsatis 2.2 dci 150 cv,2003,145000,6500
836,21,89,Velsatis 2.2 dci 150 cv,2003,145000,6500
837,21,89,Velsatis 2.2 dci 150 cv,2003,145000,6500
838,22,90,SAAB 9-3 Break Sport-Hatch 9.3 9 3,2006,78000,13000
839,22,90,SAAB 9-3 Break Sport-Hatch 9.3 9 3,2006,78000,13000
840,22,90,Saab 9.3 Vector TID 150,2006,58500,15990
841,22,90,SAAB 9-3 2.0t SE 150 cv,2001,80000,5700
842,22,91,Seat Alhambra 1.9 TDI 115 CH 7 places,2010,7000,19900
843,22,92,Saab 2.0 l turbo se,2000,135000,7500
844,22,92,Saab 2.0 l turbo se,2000,135000,7500
845,23,93,Seat altea 1.9tdi seduce -- prix a debattre -,2009,18200,15500
846,23,93,Altea 2.0 tdi 140cv,2005,123500,9500
847,23,93,Seat AltÃ©a 1.9 TDI 105 CV BVMS STYLANCE,2006,66500,10500
848,23,93,Seat altea 1.9 tdi 105cv an 04 151000km 6900e,2004,151000,6900
849,23,93,Seat altea seduce 1.9 tdi 105 ch,2009,10500,15900
850,23,94,Seat cordoba sport 1.9 tdi 90cv,2001,130000,4490
851,23,95,"Skoda Fabia combi "" Tour de France""",2007,78500,8800
852,23,96,Seat Ibiza Stylance Noir 1.9 TDI 105CV,2009,11400,12900
853,23,96,Seat Ibiza Stylance Noir 1.9 TDI 105CV,2009,11400,12900
854,23,96,Urgent jolie seat ibiza 1.9 tdi 130ch fr,2007,68500,10600
855,23,96,Urgent jolie seat ibiza 1.9 tdi 130ch fr,2007,68500,10600
856,23,96,Seat ibiza sport edition 1&virgule,2008,53000,9200
857,23,96,Seat ibiza cupra 1.9tdi 160ch,2007,58000,12500
858,23,96,Nouvelle seat ibiza tdi 105 cv 08/2008,2008,36000,11800
859,23,96,Nouvelle seat ibiza grand via 1&virgule,2009,5300,15000
860,23,96,SEAT IBIZA 1.9 TDi 100CH,2004,85000,7900
861,23,96,Seat Ibiza Fresh 1.9L TDI 100ch,2003,117500,5400
862,23,96,Seat ibiza 1&virgule,2007,39500,10900
863,23,97,Seat leon 1.9 TDI - 105 cv,2008,34000,15500
864,23,97,Superbe SEAT LEON II 2.0L TDI 140 ch,2006,95000,12500
865,23,97,Superbe SEAT LEON II 2.0L TDI 140 ch,2006,95000,12500
866,23,97,Seat leon 1.9 tdi 110ch signo grtie 3 mois,2002,162200,5990
867,23,97,Seat LÃ©on 2.0 TDI 170 CV FR BV6,2008,45450,18990
868,23,97,SEAT LEON II 1.9 tdi 105ch 9600\u0080adb 86000km,2006,86000,9600
869,23,97,Seat leon (a dÃ©battre),2009,26000,17000
870,23,97,Seat leon 1.9l TDI 105 stylance 2008,2008,41000,13000
871,23,97,Seat Leon Stylance 1&virgule,2007,91000,9900
872,23,97,URGENT SEAT leon 1.9 TDI 105ch Stylance,2006,80000,11500
873,23,97,SEAT LEON 2.0 TDI 140ch STYLANCE,2008,33000,16000
874,23,97,Seat leon fr 2.0 tdi 170 ch,2008,29000,17500
875,23,97,URGENT seat leon 2.0 tdi 140 cv 2008 blanche,2008,30800,13800
876,23,97,Seat leon,2007,37000,13000
877,23,97,Seat Leon 1.9 Tdi Last edition,2006,114000,8100
878,23,97,Seat leon 1.9 tdi,2007,20000,12900
879,23,97,Seat leon bleu tdi 1.9 110ch,2002,151000,4500
880,23,98,Seat toledo 2.0 tdi super prix,2006,112000,8390
881,23,98,Seat toledo style 2.0 tdi 140 cv,2009,10,19793
882,23,98,Seat toledo style 2.0 tdi 140 cv,2009,10,19793
883,23,98,Seat toledo style 2.0 tdi 140 cv,2009,10,19793
884,24,99,Skoda Fabia RS 1.9L TDI 175ch,2005,115000,10000
885,24,99,Skoda Fabia combi pack clim,2005,74500,6300
886,24,100,Subaru impreza wrx 225 cv,2003,118165,12400
887,24,101,Skoda octavia tdi,2006,58772,10900
888,24,101,Skoda octavia 1.9 tdi 110,2001,114000,6000
889,24,101,Skoda Octavia 2.0 TDI 140 Confort,2005,95000,10900
890,24,102,Skoda roomster tdi,2007,29000,14190
891,24,102,Skoda roomster tdi,2007,29000,14190
892,25,103,Toyota auris 2.0 D4-D 126cv linÃ©a sol,2007,21500,12990
893,25,104,Subaru impreza WRX,2008,15000,12600
894,25,104,Subaru Impreza 2.0 GT Turbo 217 CV 5P,2000,124000,9840
895,25,104,Subaru Impreza 2.0 GT Turbo 217 CV 5P,2000,124000,9840
896,25,105,Suzuki vitara 2.0 td modele 1999,1998,230000,3800
897,26,106,Belle Toyota avensis II 2.0 D4D 116 ch Sol,2003,76000,11000
898,27,107,Volkswagen bora break 1.9l tdi 115cv bv6,2002,154000,7000
899,27,107,Volkswagen bora break 1.9l tdi 115cv bv6,2002,154000,7000
900,26,108,Toyota corolla verso 7 places 2.2 diesel 136cv,2007,56500,15400
901,26,109,TOYOTA Land cruiser 3L D4-D VX 165 CV cuir 09/2002,2002,168000,11100
902,27,110,Volkswagen GOLF V 1.9 L TDI 105 SPORT GOLF 5 PORTE,2004,58500,12450
903,27,110,Volkswagen Golf 1.9 TDI 105 CH confort ling,2007,130000,11800
904,27,110,Golf gtd 2.0l 170 dsg6,2009,6700,28650
905,27,110,Golf gtd 2.0l 170 dsg6,2009,6700,28650
906,27,110,Golf v plus 1.9 tdi 105 confort gps - echange,2006,82000,11900
907,27,110,Golf v plus 1.9 tdi 105 confort gps - echange,2006,82000,11900
908,27,110,Volkswagen golf 5 break 1.9 tdi confortline 105 cv,2010,1,20000
909,27,110,Golf iv tdi 110cv 1.9 tdi 105 000km,2002,100000,6590
910,27,110,Golf 5 TDI 105 Goal,2006,70000,13900
911,27,110,Golf iv tdi 110cv 1.9 tdi 105 000km,2002,100000,6590
912,27,110,Volkswagen golf 5 2.0 tdi 140 sport,2004,165800,8500
913,27,110,Volkswagen golf 5 2.0 tdi 140 sport,2004,165800,8500
914,27,110,Golf 5 tdi confortline 2008,2008,46000,16000
915,27,110,Volkswagen Golf Plus 2.0L TDI - 04/09 - 7240km,2009,7240,21300
916,27,110,Volkswagen Golf Plus 2.0L TDI - 04/09 - 7240km,2009,7240,21300
917,27,110,Golf VI TDI 110 FAP Carat Pack Hiver : TARIF -15%,2009,10,22990
918,27,110,Golf 6 cofort 2.0tdi 110 cv 01/2009 pdc av+ar+clim,2009,19757,18990
919,27,110,Golf V GT TDI 170cv,2007,45000,17900
920,27,110,Golf V 2.0 TDI 140 cv Sport,2005,80000,12700
921,27,110,Golf 4 iv 1.9tdi 90cv (echange possible),1998,145000,6000
922,27,110,Golf 4 2003 match 2 nickel,2003,210000,7500
923,27,111,Volkswagen Jetta 1.9 TDI Comfortline Alu/,2008,31000,14990
924,27,111,Volkswagen Jetta TDI 136cv,2006,111500,11500
925,27,112,T 5 multivan 174cv haut de gamme,2003,195860,19600
926,27,113,NEW BEETLE - 1.9 TDI 90 - modele 2000,1999,205000,5900
927,27,113,Volkswagen New Beetle 2.0i HIGHLINE 115CH 73 700KM,2000,73700,8290
928,27,113,Volkswagen New Beetle 2.0i HIGHLINE 115CH 73 700KM,2000,73700,8290
929,27,113,VW New Beetle 1.9TDI / Noire / Pack Sunsea / 105ch,2007,50560,13000
930,27,114,MITSUBISHI OUTLANDER ETAT NEUF et GARANTIE,2008,59500,20500
931,27,115,Volkswagen Passat CC 2.0 TDI Sportline&virgule,2009,28000,24990
932,27,115,Volkswagen Passat CC 2.0 TDI Sportline&virgule,2009,28000,24990
933,27,115,"PASSAT 2.0TDI-140 ""1ere MAIN""",2006,120000,11190
934,27,115,VW PASSAT VI TDI 140 BV6 Cft. 1Â°MAIN+carnet VW,2005,137000,9990
935,27,115,VOLKSWAGEN PASSAT 2.0 TDI 140ch CONFORTLINE,2009,12500,19490
936,27,115,Volkswagen Passat 1.9 TDI 130 ch,2001,210000,5700
937,27,115,Volkswagen Passat 1.9 TDI 130 ch,2001,210000,5700
938,27,115,Volkswagen Passat 1.9 TDI 130 ch,2001,210000,5700
939,27,115,Volkswagen passat 2.0 tdi comfortline 140 cv,2009,1,22700
940,27,115,Volkswagen Passat 1.9 tdi 105 cv bvm5 confortline,2008,40105,15990
941,27,115,Vw passat 2.0 tdi 140ch confortline,2006,123000,13300
942,27,115,Vw passat 2.0 tdi 140ch confortline,2006,123000,13300
943,27,115,Passat Carat TDI 140,2007,48058,18800
944,27,115,Passat Carat TDI 140,2007,48058,18800
945,27,115,Volkswagen passat break tdi carat diesel,2006,57000,19890
946,27,115,Volkswagen passat business line 2 - tdi 130 ch,2004,168000,7600
947,27,115,VOLKSWAGEN PASSAT TDI 105ch CONFORTLINE,2009,22000,18990
948,27,115,Passat III 2.0 tdi confort - 2006,2006,79000,12200
949,27,116,POLO SPORT 1.9TDI 100CH&virgule,2007,60000,11900
950,27,116,POLO SPORT 1.9TDI 100CH&virgule,2007,60000,11900
951,27,116,Cross polo 1.9l TDI 100 ch,2006,69000,12250
952,27,117,Scirocco sportline 2.0 TDI 140 ch,2009,6500,24000
953,27,117,Volkswagen Scirocco 2.0L TDI 140ch - 04/2009,2009,27500,22800
954,27,117,Volkswagen Scirocco 2.0L TDI 140ch - 04/2009,2009,27500,22800
955,27,117,VW Scirocco 2.0 TSI DSG Blanc,2008,9000,25000
956,27,117,VW SCIROCCO 2.0 PACK SPORT 200 Cv 2009,2009,25900,22500
957,27,117,VW Scirocco 2&virgule,2009,8400,28200
958,27,118,Volkswagen Sharan 1.9 TDi 110CV 7 places,2000,215742,5500
959,27,119,Volkswagen tiguan r-line blanc tdi 140,2009,11000,36000
960,27,119,Volkswagen tiguan r-line blanc tdi 140,2009,11000,36000
961,27,119,Tiguan carat 2.0 tdi 170 ch,2008,65000,26900
962,27,120,Volkswagen Touran - 1.9 tdi 105 match 7pl,2006,79300,15000
963,27,120,Volkswagen touran tdi match,2006,101200,13990
964,27,120,Volkswagen Touran,2005,53000,12500
965,27,120,Volkswagen Touran,2005,53000,12500
966,27,120,Volkswagen touran 1.9 tdi 105 ch carrat,2005,155000,9900
967,27,120,Volkswagen touran 1.9 tdi 105 ch carrat,2005,155000,9900
968,27,120,VOLKSWAGEN TOURAN 2.0 tdi 140 cv bvm6 CONFORT,2004,141505,9550
969,27,120,VOLKSWAGEN TOURAN 2.0 tdi 140 cv bvm6 CONFORT,2004,141505,9550
970,27,120,Touran 1.9 tdi 105 cv,2003,142000,12600
971,27,120,Touran 2.0 tdi 140 cv boite dsg,2005,94000,11500
972,27,120,Touran TDI 140 CV - DSG - SPORT 7 pl. Pack Hiver,2005,145000,12000
973,27,120,TOURAN SPORT TDI 140ch 7 places,2008,47500,23000
974,27,120,Touran dsg 2.0 tdi 140,2007,127600,13500
975,27,121,Volkswagen Jetta TDI 136cv,2006,111500,11500
976,27,121,Volkswagen jetta 2.0 tdi comfortline 140cv bva,2009,1,23800
977,28,122,Volvo c30 2.0 d 136cv momentum,2007,50500,15990
978,28,123,VOLVO C70 CC 2.0d 136 ch premium edition,2009,2500,28990
979,28,124,Volvo s40,2001,147000,7000
980,28,124,Volvo s40,2001,147000,7000
981,28,124,Volvo S40 2.0 turbo 1998,1998,220000,2200
982,28,125,Volvo S60 2.4 D Momentum &virgule,2007,39050,15700
983,28,126,VOLVO V40 SUMMUN :1&virgule,1999,200000,5300
